Player,Tm,League,Pos,Salary,G,GS,MP,FG,FGA,FG%,3P,3PA,3P%,2P,2PA,2P%,eFG%,FT,FTA,FT%,ORB,DRB,TRB,AST,STL,BLK,TOV,PF,PTS,PER,TS%,3PAr,FTr,ORB%,TRB%,AST%,STL%,BLK%,TOV%,USG%,OWS,DWS,Wsper
James Harden,HOU,1,PG,38199000,78,78,36.8,10.8,24.5,0.442,4.8,13.2,0.368,6,11.3,0.528,0.541,9.7,11,0.879,0.8,5.8,6.6,7.5,2,0.7,5,3.1,36.1,30.6,0.616,0.539,0.449,2.5,10,39.5,2.7,1.7,14.5,40.5,11.4,3.8,0.254
LeBron James,LAL,1,SF,37436858,55,55,35.2,10.1,19.9,0.51,2,5.9,0.339,8.1,14,0.582,0.56,5.1,7.6,0.665,1,7.4,8.5,8.3,1.3,0.6,3.6,1.7,27.4,25.6,0.588,0.299,0.382,3.1,12.4,39.4,1.7,1.4,13.3,31.6,4.7,2.6,0.179
Giannis Antetokounmpo,MIL,1,PF,25842697,72,72,32.8,10,17.3,0.578,0.7,2.8,0.256,9.3,14.5,0.641,0.599,6.9,9.5,0.729,2.2,10.3,12.5,5.9,1.3,1.5,3.7,3.2,27.7,30.9,0.644,0.163,0.55,7.3,19.3,30.3,1.8,3.9,14.8,32.3,8.9,5.5,0.292
Anthony Davis,NOP,1,C,27093019,56,56,33,9.5,18.3,0.517,0.9,2.6,0.331,8.6,15.7,0.547,0.54,6.1,7.7,0.794,3.1,8.9,12,3.9,1.6,2.4,2,2.4,25.9,30.3,0.597,0.141,0.422,9.9,18.8,19,2.2,6,8.4,29.5,6.4,3.1,0.247
Kawhi Leonard,TOR,1,SF,32742000,60,60,34,9.3,18.8,0.496,1.9,5,0.371,7.5,13.8,0.542,0.546,6.1,7.1,0.854,1.3,6,7.3,3.3,1.8,0.4,2,1.5,26.6,25.8,0.606,0.267,0.377,4.2,11.6,16.4,2.5,1,8.4,30.3,6.1,3.4,0.224
Bradley Beal,WAS,1,SG,27093019,82,82,36.9,9.3,19.6,0.475,2.5,7.3,0.351,6.8,12.4,0.548,0.54,4.4,5.5,0.808,1.1,3.9,5,5.5,1.5,0.7,2.7,2.8,25.6,20.8,0.581,0.37,0.278,3.1,7.4,24.1,1.9,1.6,11,28.4,5.9,1.7,0.12
Devin Booker,PHO,1,SG,27285000,64,64,35,9.2,19.6,0.467,2.1,6.5,0.326,7,13.1,0.536,0.521,6.1,7.1,0.866,0.6,3.5,4.1,6.8,0.9,0.2,4.1,3.1,26.6,20.2,0.584,0.33,0.362,1.9,6.5,34.1,1.2,0.5,15.4,32.9,3.3,0.3,0.076
Stephen Curry,GSW,1,PG,40231758,69,69,33.8,9.2,19.4,0.472,5.1,11.7,0.437,4,7.7,0.525,0.604,3.8,4.2,0.916,0.7,4.7,5.3,5.2,1.3,0.4,2.8,2.4,27.3,24.4,0.641,0.604,0.214,2.2,8.4,24.2,1.9,0.9,11.6,30.4,7.2,2.5,0.199
Paul George,OKC,1,SF,33005556,77,77,36.9,9.2,21,0.438,3.8,9.8,0.386,5.4,11.1,0.484,0.529,5.9,7,0.839,1.4,6.8,8.2,4.1,2.2,0.4,2.7,2.8,28,23.3,0.583,0.469,0.335,3.7,11.4,17.7,2.8,1,10,29.5,7,4.9,0.201
Kevin Durant,GSW,1,SF,38199000,78,78,34.6,9.2,17.7,0.521,1.8,5,0.353,7.5,12.8,0.587,0.571,5.7,6.5,0.885,0.4,5.9,6.4,5.9,0.7,1.1,2.9,2,26,24.2,0.631,0.281,0.366,1.4,9.8,26.2,1,2.6,12.3,29,8.6,2.9,0.204
Joel Embiid,PHI,1,C,27504630,64,64,33.7,9.1,18.7,0.484,1.2,4.1,0.3,7.8,14.6,0.535,0.517,8.2,10.1,0.804,2.5,11.1,13.6,3.7,0.7,1.9,3.5,3.3,27.5,26.1,0.593,0.219,0.541,8.1,21.4,18.4,1,4.4,13.2,33.3,4.9,3.8,0.194
Kyrie Irving,BOS,1,PG,31742000,67,67,33,9,18.5,0.487,2.6,6.5,0.401,6.4,12,0.533,0.557,3.2,3.7,0.873,1.1,3.9,5,6.9,1.5,0.5,2.6,2.5,23.8,24.3,0.592,0.35,0.197,3.4,8.1,35,2.2,1.4,11.3,29.6,6.2,2.9,0.197
Kemba Walker,CHO,1,PG,32742000,82,82,34.9,8.9,20.5,0.434,3.2,8.9,0.356,5.7,11.6,0.494,0.511,4.6,5.5,0.844,0.6,3.8,4.4,5.9,1.2,0.4,2.6,1.6,25.6,21.7,0.558,0.434,0.267,1.9,6.8,29.4,1.7,1,10.1,31.5,5.5,1.9,0.123
Karl-Anthony Towns,MIN,1,C,27285000,77,77,33.1,8.8,17.1,0.518,1.8,4.6,0.4,7,12.5,0.562,0.572,4.9,5.8,0.836,3.4,9,12.4,3.4,0.9,1.6,3.1,3.8,24.4,26.3,0.622,0.27,0.342,10.9,20,17.2,1.3,4.2,13.7,28.9,7.2,3.2,0.197
Nikola Vucevic,ORL,1,C,28000000,80,80,31.4,8.8,16.9,0.518,1.1,2.9,0.364,7.7,14,0.549,0.549,2.2,2.8,0.789,2.8,9.2,12,3.8,1,1.1,2,2,20.8,25.5,0.573,0.171,0.168,9.4,20.5,21.9,1.6,3,9.9,28,5.4,4.7,0.193
Donovan Mitchell,UTA,1,SG,3635760,77,77,33.7,8.6,19.9,0.432,2.4,6.7,0.362,6.1,13.1,0.468,0.493,4.1,5.1,0.806,0.8,3.3,4.1,4.2,1.4,0.4,2.8,2.7,23.8,17.2,0.537,0.339,0.259,2.5,6.6,21.2,2,0.9,11.3,31.6,1.3,3.7,0.092
Russell Westbrook,OKC,1,PG,38506482,73,73,36,8.6,20.2,0.428,1.6,5.6,0.29,7,14.5,0.481,0.468,4.1,6.2,0.656,1.5,9.6,11.1,10.7,1.9,0.5,4.5,3.4,22.9,21.1,0.501,0.279,0.306,4.1,15.8,46.5,2.5,1.1,16.3,30.9,1.8,5,0.124
Damian Lillard,POR,1,PG,29802321,80,80,35.5,8.5,19.2,0.444,3,8,0.369,5.6,11.1,0.499,0.522,5.9,6.4,0.912,0.9,3.8,4.6,6.9,1.1,0.4,2.7,1.9,25.8,23.7,0.588,0.419,0.335,2.6,7,30.6,1.5,1,10.8,29.3,9.7,2.4,0.205
Zach LaVine,CHI,1,SG,19500000,63,62,34.5,8.4,18,0.467,1.9,5.1,0.374,6.5,12.9,0.504,0.52,5,6,0.832,0.6,4,4.7,4.5,1,0.4,3.4,2.2,23.7,18.7,0.574,0.283,0.33,2,7.4,22.6,1.3,1,14.2,30.5,1.7,1.1,0.062
LaMarcus Aldridge,SAS,1,C,26000000,81,81,33.2,8.4,16.3,0.519,0.1,0.5,0.238,8.3,15.8,0.528,0.522,4.3,5.1,0.847,3.1,6.1,9.2,2.4,0.5,1.3,1.8,2.2,21.3,22.9,0.576,0.032,0.312,10.3,15.1,11.6,0.8,3.4,8.8,26.9,6.4,2.9,0.167
Klay Thompson,GSW,1,SG,32742000,78,78,34,8.4,18,0.467,3.1,7.7,0.402,5.3,10.3,0.516,0.553,1.7,2,0.816,0.5,3.4,3.8,2.4,1.1,0.6,1.5,2,21.5,16.6,0.571,0.427,0.113,1.6,6,10.5,1.5,1.5,7.2,25.6,2.9,2.3,0.095
Blake Griffin,DET,1,PF,34449964,75,75,35,8.3,17.9,0.462,2.5,7,0.362,5.7,10.9,0.525,0.532,5.5,7.3,0.753,1.3,6.2,7.5,5.4,0.7,0.4,3.4,2.7,24.5,21,0.581,0.389,0.41,4,11.8,27.1,1,0.9,13.8,30.2,5.1,2.9,0.147
DeMar DeRozan,SAS,1,SG,27739975,77,77,34.9,8.2,17.1,0.481,0.1,0.6,0.156,8.1,16.5,0.492,0.483,4.8,5.7,0.83,0.7,5.3,6,6.2,1.1,0.5,2.6,2.3,21.2,19.6,0.542,0.034,0.336,2.2,9.4,27.6,1.6,1.1,11.7,27.9,3.6,2.6,0.112
CJ McCollum,POR,1,SG,27556959,70,70,33.9,8.2,17.8,0.459,2.4,6.4,0.375,5.8,11.4,0.506,0.527,2.3,2.7,0.828,0.9,3.1,4,3,0.8,0.4,1.5,2.5,21,17,0.553,0.358,0.154,2.9,6.3,13.8,1.1,0.9,7.4,25.5,4,1.7,0.114
Jrue Holiday,NOP,1,SG,26996111,67,67,35.9,8.2,17.3,0.472,1.8,5.4,0.325,6.4,11.9,0.539,0.523,3.1,4,0.768,1.1,3.9,5,7.7,1.6,0.8,3.1,2.2,21.2,19.4,0.555,0.313,0.234,3.3,7.2,31.8,2.1,1.8,14.1,25.4,3.5,1.9,0.108
D'Angelo Russell,BRK,1,PG,27285000,81,81,30.2,8.1,18.7,0.434,2.9,7.8,0.369,5.2,10.9,0.482,0.512,2,2.5,0.78,0.7,3.2,3.9,7,1.2,0.2,3.1,1.7,21.1,19.4,0.533,0.419,0.135,2.3,6.8,41.3,1.9,0.6,13.6,31.9,2.4,2.6,0.097
Julius Randle,NOP,1,PF,18000000,73,49,30.6,7.8,14.9,0.524,0.9,2.7,0.344,6.9,12.2,0.564,0.555,4.9,6.7,0.731,2.2,6.5,8.7,3.1,0.7,0.6,2.8,3.4,21.4,21,0.6,0.179,0.447,7.6,14.7,15.8,1.1,1.6,13.8,27.8,4.2,1.9,0.131
Nikola Jokic,DEN,1,C,27504630,80,80,31.3,7.7,15.1,0.511,1,3.4,0.307,6.7,11.7,0.569,0.545,3.6,4.4,0.821,2.9,8,10.8,7.3,1.4,0.7,3.1,2.9,20.1,26.3,0.589,0.224,0.292,9.8,18.7,37,2.1,1.9,15.4,27.4,7.5,4.3,0.226
Buddy Hield,SAC,1,SG,4861208,82,82,31.9,7.6,16.6,0.458,3.4,7.9,0.427,4.2,8.6,0.487,0.56,2.1,2.4,0.886,1.3,3.7,5,2.5,0.7,0.4,1.8,2.5,20.7,17.5,0.587,0.479,0.142,4.1,8.1,11.9,1,1.1,9.2,25.1,4.3,1.6,0.108
John Collins,ATL,1,PF,2686560,61,59,30,7.6,13.6,0.56,0.9,2.6,0.348,6.7,11,0.609,0.593,3.3,4.4,0.763,3.6,6.2,9.8,2,0.4,0.6,2,3.3,19.5,21.8,0.627,0.19,0.32,12.3,17.1,11,0.6,1.8,11.2,23.7,5,1,0.158
Tobias Harris,TOT,1,PF,32742000,82,82,34.7,7.5,15.3,0.487,1.9,4.8,0.397,5.5,10.5,0.528,0.549,3.2,3.7,0.866,0.8,7,7.9,2.8,0.6,0.5,1.8,2.2,20,17.2,0.592,0.313,0.245,2.6,12,12.5,0.8,1,9.8,22.8,4.5,2.6,0.12
Deandre Ayton,PHO,1,C,9562920,71,70,30.7,7.2,12.3,0.585,0,0.1,0,7.2,12.2,0.588,0.585,2,2.7,0.746,3.1,7.1,10.3,1.8,0.9,0.9,1.8,2.9,16.3,20.5,0.608,0.005,0.217,11.1,18.5,9.6,1.3,2.6,11.7,21.2,4.1,1.7,0.128
Kyle Kuzma,LAL,1,PF,1974600,70,68,33.1,7.1,15.5,0.456,1.8,6,0.303,5.3,9.5,0.553,0.515,2.7,3.6,0.752,0.9,4.6,5.5,2.5,0.6,0.4,1.9,2.4,18.7,14,0.546,0.388,0.23,2.7,8.5,11.5,0.8,0.9,10,23.8,1.2,1.9,0.065
Andre Drummond,DET,1,C,27950199,79,79,33.5,7.1,13.3,0.533,0.1,0.5,0.132,7,12.8,0.548,0.536,3.1,5.2,0.59,5.4,10.2,15.6,1.4,1.7,1.7,2.2,3.4,17.3,23.4,0.555,0.036,0.392,16.8,25.4,7.2,2.5,4.4,12.4,22.9,4.1,5.9,0.181
Clint Capela,HOU,1,C,14896552,67,67,33.6,7.1,10.9,0.648,0,0,,7.1,10.9,0.648,0.648,2.5,3.9,0.636,4.4,8.2,12.7,1.4,0.7,1.5,1.4,2.5,16.6,23.8,0.658,0,0.357,14.4,20.8,7.1,1,3.9,10,18.2,7.8,3,0.23
Luka Doncic,DAL,1,SG,7683360,72,72,32.2,7,16.5,0.427,2.3,7.1,0.327,4.7,9.3,0.503,0.497,4.8,6.7,0.713,1.2,6.6,7.8,6,1.1,0.3,3.4,1.9,21.2,19.6,0.545,0.433,0.409,4,13,31.6,1.6,0.9,15,30.5,2.1,2.8,0.101
Mike Conley,MEM,1,PG,32511623,70,70,33.5,7,16,0.438,2.2,6.1,0.364,4.8,9.9,0.483,0.507,4.9,5.8,0.845,0.6,2.8,3.4,6.4,1.3,0.3,1.9,1.8,21.1,21.4,0.569,0.38,0.363,1.9,5.7,33.4,2,0.9,9.1,27.3,5.7,2.3,0.164
Jamal Murray,DEN,1,PG,4444746,75,74,32.6,6.8,15.6,0.437,2,5.5,0.367,4.8,10.1,0.476,0.502,2.5,3,0.848,0.9,3.4,4.2,4.8,0.9,0.4,2.1,2,18.2,16,0.538,0.353,0.19,2.9,7,22.4,1.3,1,11.1,24.9,2.8,2.3,0.1
Andrew Wiggins,MIN,1,SF,27504630,73,73,34.8,6.8,16.6,0.412,1.6,4.8,0.339,5.2,11.8,0.441,0.461,2.8,4.1,0.699,1.1,3.7,4.8,2.5,1,0.7,1.9,2.1,18.1,12.4,0.493,0.288,0.245,3.5,7.4,10.9,1.3,1.6,9.3,24.4,-0.6,1.3,0.012
Ben Simmons,PHI,1,PG,8113930,79,79,34.2,6.8,12.2,0.563,0,0.1,0,6.8,12.1,0.566,0.563,3.3,5.4,0.6,2.2,6.6,8.8,7.7,1.4,0.8,3.5,2.6,16.9,20,0.582,0.006,0.446,6.9,13.7,34.2,2,1.8,19.3,22.1,4.6,3.6,0.146
Montrezl Harrell,LAC,1,C,6000000,82,5,26.3,6.7,10.8,0.615,0,0.2,0.176,6.6,10.6,0.623,0.617,3.2,5,0.643,2.2,4.3,6.5,2,0.9,1.3,1.6,3.1,16.6,23.4,0.636,0.019,0.466,9.3,13.1,12.5,1.6,4,11,23.5,6.1,2.6,0.193
Khris Middleton,MIL,1,SF,30603448,77,77,31.1,6.6,14.9,0.441,2.3,6.2,0.378,4.2,8.8,0.485,0.519,2.8,3.4,0.837,0.6,5.3,6,4.3,1,0.1,2.3,2.2,18.3,16.5,0.558,0.413,0.225,2.3,9.8,20.1,1.6,0.2,12.1,25.1,2.5,3.6,0.123
Lou Williams,LAC,1,SG,8000000,75,1,26.6,6.5,15.2,0.425,1.4,3.9,0.361,5.1,11.3,0.447,0.471,5.7,6.5,0.876,0.5,2.4,3,5.4,0.8,0.1,2.4,1.1,20,21.2,0.554,0.256,0.426,2.2,5.9,33,1.3,0.4,11.8,32.4,3.9,1.2,0.123
Trae Young,ATL,1,PG,6273000,81,81,30.9,6.5,15.5,0.418,1.9,6,0.324,4.6,9.6,0.477,0.48,4.2,5.1,0.829,0.8,2.9,3.7,8.1,0.9,0.2,3.8,1.7,19.1,17,0.539,0.384,0.33,2.6,6.3,40.5,1.3,0.5,17.6,28.4,2.5,0.7,0.062
Jordan Clarkson,CLE,1,SG,13437500,81,0,27.3,6.5,14.6,0.448,1.8,5.5,0.324,4.8,9.1,0.524,0.509,2,2.4,0.844,1,2.3,3.3,2.4,0.7,0.2,1.7,1.4,16.8,16.8,0.539,0.377,0.163,3.9,6.8,15.6,1.3,0.5,9.6,27.6,1.9,-0.1,0.039
Pascal Siakam,TOR,1,PF,2351839,80,79,31.9,6.5,11.8,0.549,1,2.7,0.369,5.5,9.1,0.602,0.591,3,3.8,0.785,1.6,5.3,6.9,3.1,0.9,0.7,1.9,3,16.9,18.7,0.628,0.226,0.32,5.4,11.6,14.6,1.4,1.7,12.5,20.8,5.7,3.6,0.175
Bojan Bogdanovic,IND,1,SF,17000000,81,81,31.8,6.4,13,0.497,2,4.8,0.425,4.4,8.2,0.538,0.575,3,3.8,0.807,0.4,3.7,4.1,2,0.9,0,1.7,1.7,18,16.1,0.613,0.367,0.29,1.5,7.2,9.5,1.3,0,10.2,22.4,3.9,2.8,0.126
Jimmy Butler,TOT,1,SF-SG,32742000,65,65,33.6,6.4,13.9,0.462,1,3,0.347,5.4,10.9,0.494,0.499,4.8,5.6,0.855,1.9,3.4,5.3,4,1.9,0.6,1.5,1.7,18.7,20.2,0.571,0.213,0.404,6,8.3,18,2.7,1.4,8.2,22.3,5.4,2.5,0.173
Collin Sexton,CLE,1,PG,4764960,82,72,31.8,6.3,14.7,0.43,1.5,3.6,0.402,4.9,11.1,0.44,0.48,2.6,3.1,0.839,0.7,2.2,2.9,3,0.5,0.1,2.3,2.3,16.7,12,0.52,0.245,0.211,2.3,5,15.3,0.8,0.2,12.3,25.2,-0.1,-0.5,-0.011
Serge Ibaka,TOR,1,C,23271605,74,51,27.2,6.3,11.9,0.529,0.7,2.3,0.29,5.6,9.6,0.586,0.557,1.8,2.4,0.763,2.1,6,8.1,1.3,0.4,1.4,1.5,2.9,15,18.7,0.582,0.193,0.202,8.6,16.1,7.7,0.7,4.3,10.7,22.9,2.8,3.3,0.146
De'Aaron Fox,SAC,1,PG,6392760,81,81,31.4,6.2,13.6,0.458,1.1,2.9,0.371,5.2,10.7,0.482,0.497,3.7,5.1,0.727,0.5,3.2,3.8,7.3,1.6,0.6,2.8,2.5,17.3,18.1,0.544,0.211,0.378,1.7,6.2,33.2,2.4,1.5,15,24.5,3.2,2.5,0.106
Tim Hardaway Jr.,TOT,1,SG,20025127,65,63,31.6,6,15.3,0.393,2.5,7.3,0.34,3.5,7.9,0.442,0.474,3.6,4.2,0.841,0.5,2.9,3.4,2.4,0.8,0.1,1.6,2.2,18.1,13.6,0.527,0.48,0.278,1.7,5.7,12.8,1.3,0.3,8.6,25.4,1,0.9,0.043
Danilo Gallinari,LAC,1,SF,22615559,68,68,30.3,6,13,0.463,2.4,5.5,0.433,3.6,7.5,0.484,0.554,5.4,6,0.904,0.8,5.3,6.1,2.6,0.7,0.3,1.5,1.9,19.8,21,0.633,0.421,0.459,2.9,10.7,13.2,1.1,0.9,8.5,23.8,6.4,1.8,0.191
Eric Bledsoe,MIL,1,PG,15625000,78,78,29.1,6,12.4,0.484,1.6,4.8,0.329,4.4,7.6,0.582,0.548,2.3,3,0.75,1.1,3.6,4.6,5.5,1.5,0.4,2.1,2,15.9,19.3,0.577,0.388,0.243,3.9,8.1,27.4,2.4,1.1,13.3,22.9,4.4,3.7,0.173
Aaron Gordon,ORL,1,PF,19863636,78,78,33.8,6,13.4,0.449,1.6,4.4,0.349,4.5,9,0.499,0.507,2.4,3.2,0.731,1.7,5.7,7.4,3.7,0.7,0.7,2.1,2.2,16,15.1,0.538,0.332,0.242,5.2,11.7,16.6,1.1,1.8,12.3,21.8,1.8,3.3,0.093
Steven Adams,OKC,1,C,25842697,80,80,33.4,6,10.1,0.595,0,0,0,6,10.1,0.596,0.595,1.8,3.7,0.5,4.9,4.6,9.5,1.6,1.5,1,1.7,2.6,13.9,18.5,0.591,0.002,0.361,14.7,14.7,6.6,2,2.4,12.6,16.4,5.1,4,0.163
Jayson Tatum,BOS,1,SF,7830000,79,79,31.1,5.9,13.1,0.45,1.5,3.9,0.373,4.4,9.2,0.483,0.506,2.5,2.9,0.855,0.9,5.2,6,2.1,1.1,0.7,1.5,2.1,15.7,15.1,0.547,0.3,0.22,3,10.4,10,1.6,2.1,9.7,22.1,1.6,3.4,0.097
J.J. Redick,PHI,1,SG,13486300,76,63,31.3,5.9,13.5,0.44,3.2,8,0.397,2.8,5.6,0.502,0.557,3,3.4,0.894,0.3,2.2,2.4,2.7,0.4,0.2,1.3,1.7,18.1,15.1,0.602,0.589,0.248,0.9,4.1,12.9,0.6,0.6,8.1,21.9,4.6,1.2,0.118
Malcolm Brogdon,MIL,1,SG,20000000,64,64,28.6,5.9,11.7,0.505,1.6,3.8,0.426,4.3,7.9,0.544,0.575,2.2,2.4,0.928,1,3.5,4.5,3.2,0.7,0.2,1.4,1.6,15.6,17.8,0.614,0.326,0.203,3.8,8,16.2,1.2,0.6,10,20.7,4.2,2.3,0.171
Rudy Gobert,UTA,1,C,25008427,81,80,31.8,5.9,8.8,0.669,0,0,,5.9,8.8,0.669,0.669,4.1,6.4,0.636,3.8,9,12.9,2,0.8,2.3,1.6,2.9,15.9,24.6,0.682,0,0.733,13.2,21.9,9.6,1.2,5.8,12.1,17.8,8.7,5.7,0.268
Jusuf Nurkic,POR,1,C,13250000,72,72,27.4,5.8,11.5,0.508,0,0.4,0.103,5.8,11.1,0.523,0.51,3.9,5.1,0.773,3.4,7,10.4,3.2,1,1.4,2.3,3.5,15.6,23.4,0.57,0.035,0.442,13.4,20.2,17.9,1.7,4.2,14.6,24.7,4.4,3.3,0.189
Jabari Parker,TOT,1,PF,6500000,64,17,26.9,5.8,11.7,0.493,1,3,0.313,4.8,8.7,0.556,0.533,2,2.9,0.712,1.2,5.3,6.6,2.4,0.7,0.5,2.4,2.3,14.5,15.5,0.56,0.26,0.246,4.9,13.3,14.1,1.3,1.5,15.4,24.6,0.1,1.3,0.039
Dennis Schroder,OKC,1,PG,15500000,79,14,29.3,5.8,14,0.414,1.6,4.6,0.341,4.2,9.4,0.45,0.47,2.4,2.9,0.819,0.5,3.1,3.6,4.1,0.8,0.2,2.2,2.4,15.5,12.7,0.508,0.33,0.206,1.6,6.3,20.4,1.3,0.4,12.5,24.2,0.4,2.4,0.06
Evan Fournier,ORL,1,SG,17150000,81,81,31.5,5.8,13.2,0.438,1.9,5.6,0.34,3.9,7.6,0.509,0.509,1.7,2.1,0.806,0.5,2.7,3.2,3.6,0.9,0.1,1.9,2.8,15.1,12.3,0.536,0.421,0.159,1.6,5.4,17.6,1.4,0.4,11.9,22.1,0.8,2.5,0.061
Josh Richardson,MIA,1,SG,10116576,73,73,34.8,5.8,14.1,0.412,2.2,6.3,0.357,3.5,7.8,0.458,0.492,2.7,3.2,0.861,0.7,2.9,3.6,4.1,1.1,0.5,1.5,2.7,16.6,14,0.536,0.448,0.225,2.3,5.5,17.9,1.5,1.2,9.1,20.9,3,2.6,0.106
Marvin Bagley III,SAC,1,PF,8556120,62,4,25.3,5.7,11.4,0.504,0.5,1.5,0.313,5.3,9.8,0.534,0.525,2.9,4.2,0.691,2.6,5,7.6,1,0.5,1,1.6,1.9,14.9,18.9,0.562,0.136,0.371,10.4,15.5,5.9,1,3.2,10.7,24.2,2,1.6,0.11
Al Horford,BOS,1,C,28000000,68,68,29,5.7,10.6,0.535,1.1,3,0.36,4.6,7.6,0.604,0.586,1.1,1.4,0.821,1.8,5,6.7,4.2,0.9,1.3,1.5,1.9,13.6,20.2,0.605,0.281,0.131,6.5,12.4,21.2,1.4,3.9,11.8,18.9,4.5,2.9,0.181
Emmanuel Mudiay,NYK,1,PG,1620564,59,42,27.2,5.6,12.5,0.446,1.2,3.6,0.329,4.4,9,0.492,0.493,2.4,3.2,0.774,0.6,2.8,3.3,3.9,0.7,0.3,2.4,1.7,14.8,14.6,0.531,0.284,0.251,2.1,6.4,24.2,1.3,1,14.6,25.6,0.1,0.7,0.023
Domantas Sabonis,IND,1,C,3529555,74,5,24.8,5.6,9.5,0.59,0.1,0.2,0.529,5.5,9.2,0.592,0.596,2.8,3.9,0.715,2.5,6.8,9.3,2.9,0.6,0.4,2.2,3.2,14.1,21.9,0.63,0.024,0.416,11.5,20.8,18.2,1.3,1.5,16.2,23.5,4.3,3.3,0.197
Enes Kanter,TOT,1,C,4767000,67,31,24.5,5.6,10.2,0.549,0.1,0.5,0.294,5.4,9.7,0.562,0.556,2.3,2.9,0.787,3.8,6,9.8,1.7,0.5,0.4,1.8,2.5,13.7,22.3,0.594,0.05,0.288,16.4,21.1,12.1,0.9,1.3,13.3,23.1,3.9,1.6,0.159
Eric Gordon,HOU,1,SG,14057730,68,53,31.7,5.6,13.8,0.409,3.2,8.8,0.36,2.5,5,0.497,0.525,1.8,2.2,0.783,0.3,1.9,2.2,1.9,0.6,0.4,1.3,2.1,16.2,12.2,0.549,0.64,0.162,0.9,3.8,9.4,0.9,1.1,8.2,22,1.7,1,0.059
Harrison Barnes,TOT,1,PF-SF,24147727,77,77,32.9,5.6,13.3,0.42,2.3,5.7,0.395,3.3,7.6,0.439,0.504,3,3.6,0.824,0.7,3.9,4.7,1.5,0.6,0.2,1.3,1.6,16.4,12.8,0.55,0.429,0.271,2.4,7.5,6.7,0.9,0.4,7.9,20.9,2,1.6,0.068
Jeremy Lamb,CHO,1,SG,10500000,79,55,28.5,5.5,12.4,0.44,1.5,4.2,0.348,4,8.2,0.487,0.499,2.9,3.3,0.888,0.8,4.7,5.5,2.2,1.1,0.4,1,1.8,15.3,17.3,0.552,0.337,0.266,3.1,10.4,11.9,1.9,1.2,6.8,22.5,3.3,2,0.113
Thaddeus Young,IND,1,PF,12900000,81,81,30.7,5.5,10.4,0.527,0.6,1.8,0.349,4.8,8.6,0.564,0.557,1.1,1.7,0.644,2.4,4.1,6.5,2.5,1.5,0.4,1.5,2.4,12.6,16.2,0.569,0.174,0.161,8.7,11.7,12,2.4,1.3,12,18,3,3.9,0.133
Spencer Dinwiddie,BRK,1,PG,10605600,68,4,28.1,5.4,12.2,0.442,1.8,5.4,0.335,3.6,6.7,0.528,0.517,4.2,5.2,0.806,0.4,2.1,2.4,4.6,0.6,0.3,2.2,2.8,16.8,16.3,0.58,0.447,0.43,1.4,4.6,25.6,1,0.7,13.4,24.9,3.5,1.4,0.121
Reggie Jackson,DET,1,PG,512721,82,82,27.9,5.4,12.8,0.421,2.1,5.7,0.369,3.3,7,0.464,0.504,2.5,2.9,0.864,0.5,2.1,2.6,4.2,0.7,0.1,1.8,2.5,15.4,15.2,0.547,0.45,0.225,2.1,5.2,24.7,1.2,0.3,11.4,24.5,3.1,1.9,0.105
Terrence Ross,ORL,1,SG,12500000,81,0,26.5,5.4,12.7,0.428,2.7,7,0.383,2.8,5.7,0.484,0.534,1.6,1.8,0.875,0.3,3.1,3.5,1.7,0.9,0.4,1.1,1.5,15.1,15.4,0.561,0.551,0.14,1.3,7,9.9,1.6,1.1,7.6,23.9,1.7,2.6,0.095
Kelly Oubre Jr.,TOT,1,SF,15625000,69,19,28,5.4,12.2,0.445,1.6,4.9,0.32,3.9,7.3,0.53,0.51,2.7,3.5,0.775,1,3.7,4.7,1.2,1.2,0.9,1.5,2.6,15.2,15.2,0.551,0.401,0.29,4,9.2,6.8,2.1,2.5,9.8,23.2,0.9,1.3,0.054
Hassan Whiteside,MIA,1,C,27093019,72,53,23.3,5.4,9.4,0.571,0,0.2,0.125,5.4,9.2,0.581,0.572,1.5,3.4,0.449,3.6,7.8,11.3,0.8,0.6,1.9,1.3,2.7,12.3,23.5,0.564,0.024,0.357,16.3,25.9,5.6,1.3,7.3,11,22.6,2.3,4,0.18
Rudy Gay,SAS,1,PF,14500000,69,51,26.7,5.4,10.8,0.504,1.1,2.7,0.402,4.4,8.1,0.537,0.554,1.7,2.1,0.816,0.9,5.9,6.8,2.6,0.8,0.5,1.7,2.3,13.7,17.5,0.583,0.247,0.197,3.8,13.9,14.7,1.4,1.6,12.3,22.1,2.2,2.2,0.115
JaVale McGee,LAL,1,C,4000000,75,62,22.3,5.3,8.5,0.624,0,0.2,0.083,5.3,8.4,0.634,0.625,1.3,2,0.632,2.6,4.9,7.5,0.7,0.6,2,1.4,2.8,12,21.8,0.634,0.019,0.237,12.3,17.5,4.8,1.3,7.3,13.2,20.2,3,2.9,0.171
Otto Porter,TOT,1,SF,27250575,56,43,30.1,5.3,11.5,0.465,1.9,4.6,0.406,3.5,6.9,0.504,0.546,1.4,1.7,0.813,1,4.6,5.6,2.1,1.5,0.6,1.2,1.9,13.9,15.9,0.569,0.398,0.149,3.4,10.1,10.6,2.3,1.6,8.7,19.1,1.8,1.5,0.093
Chris Paul,HOU,1,PG,38506482,58,58,32,5.2,12.4,0.419,2.2,6.1,0.358,3,6.3,0.479,0.508,3,3.5,0.862,0.6,3.9,4.6,8.2,2,0.3,2.6,2.5,15.6,19.7,0.56,0.493,0.282,2.1,7.9,39.3,3,0.8,15.8,22.5,4.4,2.2,0.172
Bogdan Bogdanovic,SAC,1,SG,17000000,70,17,27.8,5.2,12.3,0.418,1.9,5.3,0.36,3.2,7,0.462,0.496,1.9,2.3,0.827,0.6,2.9,3.5,3.8,1,0.2,1.7,2,14.1,14.1,0.53,0.431,0.188,2.1,6.4,19.3,1.7,0.7,11.1,22.3,1.3,1.4,0.067
Jaren Jackson Jr.,MEM,1,PF,6927480,58,56,26.1,5.1,10.2,0.506,0.9,2.4,0.359,4.3,7.7,0.553,0.549,2.6,3.4,0.766,1.3,3.4,4.7,1.1,0.9,1.4,1.7,3.8,13.8,16.4,0.591,0.241,0.334,5.3,10.1,7.2,1.7,5.1,12.7,22.8,1.2,2.2,0.105
Myles Turner,IND,1,C,18000000,74,74,28.6,5.1,10.5,0.487,1,2.6,0.388,4.1,7.9,0.521,0.536,2,2.7,0.736,1.4,5.8,7.2,1.6,0.8,2.7,1.4,2.6,13.3,18,0.567,0.251,0.258,5.4,13.9,8,1.4,8.4,10.3,20,1.9,4.4,0.144
Willie Cauley-Stein,SAC,1,C,2177483,81,81,27.3,5.1,9.1,0.556,0,0,0.5,5.1,9.1,0.556,0.557,1.7,3.1,0.551,2.2,6.1,8.4,2.4,1.2,0.6,1,2.8,11.9,18,0.566,0.003,0.343,8.2,15.8,12.3,2,2,9,17.5,3.8,2.9,0.146
Jerami Grant,OKC,1,PF,9346153,80,77,32.7,5.1,10.3,0.497,1.4,3.7,0.392,3.7,6.6,0.555,0.567,2,2.8,0.71,1.2,4,5.2,1,0.8,1.3,0.8,2.7,13.6,13.8,0.592,0.356,0.269,3.7,8.2,4.2,1.1,3.2,6.8,15.4,4,3.3,0.134
Jaylen Brown,BOS,1,SG,6534829,74,25,25.9,5,10.7,0.465,1.3,3.7,0.344,3.7,7,0.529,0.525,1.8,2.7,0.658,0.9,3.4,4.2,1.4,0.9,0.4,1.3,2.5,13,13.5,0.547,0.348,0.255,3.6,8.7,7.7,1.7,1.5,10.1,22.1,0.7,2.4,0.076
Marcus Morris,BOS,1,PF,15000000,75,53,27.9,5,11.3,0.447,1.9,5.2,0.375,3.1,6.1,0.508,0.533,1.9,2.3,0.844,1,5.1,6.1,1.5,0.6,0.3,1.2,2.4,13.9,14.2,0.568,0.461,0.205,3.9,11.7,7.5,1,1.1,9.1,20.9,2.1,2.5,0.104
Justise Winslow,MIA,1,SF,13000000,66,52,29.7,4.9,11.3,0.433,1.5,3.9,0.375,3.5,7.5,0.462,0.497,1.3,2.1,0.628,1,4.4,5.4,4.3,1.1,0.3,2.2,2.7,12.6,12.8,0.513,0.342,0.183,3.4,9.6,21.9,1.8,0.9,14.9,20.8,0.2,2.6,0.067
Marc Gasol,TOT,1,C,25595700,79,72,30.8,4.9,11,0.448,1.3,3.5,0.363,3.7,7.6,0.487,0.505,2.4,3.2,0.759,1,6.9,7.9,4.4,1.1,1.1,2,2.7,13.6,16.7,0.546,0.314,0.291,3.6,14.3,22.2,1.7,3.2,13.6,20.7,2,4,0.118
Joe Harris,BRK,1,SG,7666667,76,76,30.2,4.9,9.8,0.5,2.4,5.1,0.474,2.5,4.8,0.528,0.622,1.4,1.8,0.827,0.7,3.1,3.8,2.4,0.5,0.2,1.6,2.4,13.7,13.5,0.645,0.516,0.178,2.4,6.7,11.9,0.8,0.6,13,17,3.8,1.7,0.116
Taurean Prince,ATL,1,SF,3481986,55,47,28.2,4.8,10.8,0.441,2.2,5.7,0.39,2.5,5.1,0.498,0.545,1.7,2.1,0.819,0.4,3.2,3.6,2.1,1,0.3,1.8,2.6,13.5,11.9,0.575,0.53,0.195,1.5,6.7,11.1,1.6,1.1,13.4,19.5,0.8,0.7,0.047
Derrick Favors,UTA,1,C,17650000,76,70,23.2,4.8,8.1,0.586,0.2,1,0.218,4.6,7.1,0.64,0.6,2,3,0.675,2.7,4.6,7.4,1.2,0.7,1.4,1.1,2.1,11.8,21.8,0.624,0.126,0.368,12.9,17.2,8,1.5,4.8,10.5,19.4,4.4,3.5,0.215
Gary Harris,DEN,1,SG,17839286,57,48,28.8,4.7,11.2,0.424,1.4,4.2,0.339,3.3,6.9,0.476,0.488,2,2.5,0.799,0.7,2.1,2.8,2.2,1,0.3,1.2,2,12.9,12.2,0.526,0.38,0.226,2.7,5.3,11,1.6,1,8.9,20,1.1,1.5,0.076
Kyle Lowry,TOR,1,PG,34996296,65,65,34,4.7,11.4,0.411,2.4,7,0.347,2.3,4.4,0.514,0.518,2.5,3,0.83,0.6,4.2,4.8,8.7,1.4,0.5,2.8,2.6,14.2,16.5,0.562,0.613,0.263,2.1,7.6,34.8,2,1.2,18.1,19.6,3.6,3,0.144
Cedi Osman,CLE,1,SF,2907143,76,75,32.2,4.7,11.1,0.427,1.7,4.9,0.348,3,6.2,0.489,0.504,1.9,2.4,0.779,0.6,4.1,4.7,2.6,0.8,0.1,1.5,2.6,13,11.5,0.536,0.443,0.214,2,8.1,12.1,1.2,0.4,11,18.6,1.2,0.2,0.029
Paul Millsap,DEN,1,PF,30350000,70,65,27.1,4.6,9.5,0.484,0.8,2.3,0.365,3.8,7.2,0.522,0.528,2.6,3.6,0.727,2.2,5,7.2,2,1.2,0.8,1.4,2.6,12.6,17.9,0.57,0.239,0.374,8.7,14.4,10.6,2.2,2.5,10.9,19.6,3.2,2.9,0.155
Kevin Knox,NYK,1,PF,4380120,75,57,28.8,4.5,12.2,0.37,1.7,4.9,0.343,2.8,7.3,0.387,0.438,2.2,3,0.717,0.8,3.7,4.5,1.1,0.6,0.3,1.5,2.3,12.8,8.7,0.475,0.398,0.247,2.9,8.1,6,1,0.9,10.1,22.3,-2.2,0.9,-0.03
Josh Jackson,PHO,1,SG,7059480,79,29,25.2,4.4,10.6,0.413,0.9,2.8,0.324,3.5,7.8,0.445,0.456,1.8,2.7,0.671,0.8,3.6,4.4,2.3,0.9,0.7,2.2,2.6,11.5,10.6,0.487,0.268,0.253,3.6,9.7,14.1,1.8,2.3,15.6,23.9,-2.8,1.1,-0.04
Joe Ingles,UTA,1,PF,11954546,82,82,31.3,4.4,9.8,0.448,2.3,5.9,0.391,2.1,3.9,0.533,0.565,1.1,1.5,0.707,0.4,3.6,4,5.7,1.2,0.2,2.4,2.2,12.1,13.4,0.581,0.602,0.153,1.5,7,26.1,1.8,0.6,18.4,17.5,2.5,3.6,0.113
Bryn Forbes,SAS,1,SG,2875000,82,81,28,4.4,9.6,0.456,2.1,5,0.426,2.3,4.6,0.489,0.568,0.8,1,0.885,0.2,2.7,2.9,2.1,0.5,0,1,1.9,11.8,12,0.586,0.522,0.099,0.9,5.7,10.6,1,0.1,8.8,17.4,2.5,1.3,0.079
Brook Lopez,MIL,1,C,12093024,81,81,28.7,4.4,9.7,0.452,2.3,6.3,0.365,2.1,3.4,0.613,0.571,1.4,1.6,0.842,0.4,4.5,4.9,1.2,0.6,2.2,1,2.3,12.5,14.6,0.597,0.651,0.169,1.5,8.7,5.7,1,6.5,8.9,16.7,2.3,4.3,0.138
Ricky Rubio,UTA,1,PG,16200000,68,67,27.9,4.3,10.7,0.404,1.2,3.7,0.311,3.2,7,0.454,0.458,2.9,3.4,0.855,0.5,3.1,3.6,6.1,1.3,0.1,2.6,2.6,12.7,14,0.52,0.348,0.312,1.9,6.9,32.1,2.3,0.4,17.8,22.7,0.9,2.8,0.095
Malik Beasley,DEN,1,SG,2731714,81,18,23.2,4.3,9.1,0.474,2,5,0.402,2.3,4.1,0.56,0.584,0.7,0.8,0.848,0.4,2,2.5,1.2,0.7,0.1,0.7,1.4,11.3,14.2,0.599,0.55,0.09,2,5.8,7.5,1.4,0.5,6.7,18.7,2.9,1.6,0.115
Thomas Bryant,WAS,1,C,8000000,72,53,20.8,4.3,7,0.616,0.5,1.4,0.333,3.8,5.6,0.685,0.648,1.5,1.9,0.781,1.6,4.7,6.3,1.3,0.3,0.9,0.8,1.8,10.5,21,0.674,0.197,0.273,8.1,16.5,9.3,0.8,3.8,9.6,17.6,4.3,1.3,0.178
Taj Gibson,MIN,1,PF,9000000,70,57,24.1,4.3,7.7,0.566,0.2,0.5,0.324,4.2,7.2,0.583,0.576,1.9,2.5,0.757,2.5,4.1,6.5,1.2,0.8,0.6,1,2.7,10.8,17.8,0.612,0.063,0.33,10.8,14.5,7.3,1.5,2,10.6,17.2,3.7,1.4,0.144
Trevor Ariza,TOT,1,SF,12200000,69,69,34,4.3,10.7,0.399,2.1,6.3,0.334,2.2,4.4,0.493,0.498,1.9,2.4,0.793,0.7,4.7,5.4,3.7,1.3,0.3,1.5,1.9,12.5,12,0.534,0.59,0.223,2.3,8.6,14.8,1.8,0.7,11.6,16.6,1.3,1.2,0.052
Alex Len,ATL,1,C,4160000,77,31,20.1,4.2,8.4,0.494,1,2.6,0.363,3.2,5.8,0.554,0.551,1.8,2.8,0.648,2.1,3.5,5.5,1.1,0.4,0.9,1.3,2.6,11.1,17.2,0.575,0.315,0.333,10.5,14.4,8.6,0.8,3.9,11.5,22.1,2.2,1,0.1
Shai Gilgeous-Alexander,LAC,1,PG,3952920,82,73,26.5,4.2,8.7,0.476,0.6,1.7,0.367,3.5,7,0.503,0.512,1.9,2.4,0.8,0.7,2.1,2.8,3.3,1.2,0.5,1.7,2.1,10.8,13.4,0.554,0.194,0.272,2.9,5.7,17.8,2.1,1.6,15,18.3,1.5,1.9,0.074
Jeff Green,WAS,1,PF,439475,77,44,27.2,4.2,8.9,0.475,1.4,4.2,0.347,2.8,4.8,0.586,0.555,2.4,2.7,0.888,0.7,3.3,4,1.8,0.6,0.5,1.3,2.1,12.3,13.6,0.608,0.466,0.3,2.9,8,9.2,1,1.6,11.5,17.8,2.8,0.8,0.083
Monte Morris,DEN,1,PG,1588231,82,6,24,4.2,8.6,0.493,1.1,2.8,0.414,3.1,5.8,0.531,0.56,0.8,1,0.802,0.4,1.9,2.4,3.6,0.9,0,0.6,1.2,10.4,16.2,0.577,0.323,0.115,1.9,5.3,21.7,1.8,0.2,6.6,17.1,4.4,1.8,0.151
Jarrett Allen,BRK,1,C,2376840,80,80,26.2,4.2,7.1,0.59,0.1,0.6,0.133,4.1,6.5,0.629,0.595,2.5,3.5,0.709,2.4,6,8.4,1.4,0.5,1.5,1.3,2.3,10.9,18.5,0.632,0.079,0.489,9.6,16.8,7.9,1,4.5,13,15.9,4.4,3.3,0.175
Kent Bazemore,ATL,1,SG,19269662,67,35,24.5,4.1,10.3,0.402,1.4,4.5,0.32,2.7,5.8,0.465,0.472,1.9,2.6,0.726,0.6,3.3,3.9,2.3,1.3,0.6,1.8,2.5,11.6,11.9,0.507,0.434,0.253,2.3,8.3,13.5,2.5,2.2,13.6,22,-0.7,1.4,0.021
Gordon Hayward,BOS,1,PF,32700690,72,18,25.9,4.1,8.8,0.466,1.1,3.2,0.333,3,5.6,0.542,0.527,2.2,2.6,0.834,0.7,3.8,4.5,3.4,0.9,0.3,1.5,1.4,11.5,15.6,0.575,0.364,0.294,2.9,9.2,18.4,1.6,1.1,12.8,19,2.6,2.3,0.126
Robin Lopez,CHI,1,C,4767000,74,36,21.7,4.1,7.2,0.568,0.1,0.4,0.226,4,6.8,0.589,0.575,1.2,1.7,0.724,1.9,2,3.9,1.2,0.1,1.1,1.3,1.7,9.5,15.9,0.598,0.058,0.23,9.4,9.7,8.8,0.3,4.2,14,18.6,2,0.7,0.081
Rodney Hood,TOT,1,SG,5718000,72,49,26.3,4.1,9.3,0.435,1.2,3.3,0.356,2.9,6,0.478,0.498,1.9,2.2,0.884,0.3,1.8,2.2,1.8,0.8,0.2,0.8,2,11.2,12.3,0.545,0.352,0.231,1.4,4.6,10,1.5,0.5,6.9,18.1,2.1,0.5,0.065
DeAndre Jordan,TOT,1,C,9881598,69,69,29.7,4.1,6.5,0.641,0,0,,4.1,6.5,0.641,0.641,2.7,3.8,0.705,3.3,9.8,13.1,2.3,0.6,1.1,2.2,2.4,11,19,0.674,0,0.592,11.7,23.5,11.6,1,3,21.4,15,4,3.1,0.167
Jae Crowder,UTA,1,SF,7815533,80,11,27.1,4,10,0.399,2.2,6.5,0.331,1.8,3.4,0.527,0.508,1.8,2.5,0.721,0.8,4.1,4.8,1.7,0.8,0.4,1.1,2.1,11.9,12.1,0.538,0.655,0.247,3.1,9.6,8.9,1.4,1.1,8.8,19.1,1.3,3.1,0.097
Kentavious Caldwell-Pope,LAL,1,SG,8089282,82,23,24.8,4,9.2,0.43,1.8,5.3,0.347,2.1,3.9,0.542,0.53,1.7,1.9,0.867,0.6,2.3,2.9,1.3,0.9,0.2,0.8,1.7,11.4,12.9,0.568,0.575,0.209,2.5,6,7.5,1.7,0.5,7.3,18.1,2.3,1.8,0.095
Wesley Matthews,TOT,1,SF-SG,2564753,69,68,30.3,4,10.1,0.4,2.2,5.8,0.372,1.9,4.3,0.437,0.507,1.9,2.4,0.81,0.5,2,2.5,2.3,0.8,0.2,1.3,2.3,12.2,10.3,0.546,0.577,0.234,1.7,4.4,11.1,1.3,0.7,10.6,17.8,1.1,1.5,0.062
Damyean Dotson,NYK,1,SG,1618520,73,40,27.5,4,9.6,0.415,1.7,4.7,0.368,2.2,4.9,0.461,0.506,1,1.3,0.745,0.5,3.1,3.6,1.8,0.8,0.1,1,1.8,10.7,10.8,0.526,0.49,0.14,1.7,6.8,10.4,1.4,0.4,8.7,17.3,0.7,0.9,0.037
Dewayne Dedmon,ATL,1,C,13333334,64,52,25.1,4,8.2,0.492,1.3,3.4,0.382,2.8,4.8,0.57,0.571,1.4,1.8,0.814,1.6,5.9,7.5,1.4,1.1,1.1,1.3,3.3,10.8,16,0.602,0.413,0.215,6.7,15.7,8.1,2,3.8,12.7,16.7,2.1,1.9,0.119
Derrick White,SAS,1,PG,1948080,67,55,25.8,3.9,8.1,0.479,0.7,2.1,0.338,3.2,6,0.529,0.523,1.4,1.8,0.772,0.5,3.2,3.7,3.9,1,0.7,1.4,2.2,9.9,14.8,0.555,0.262,0.227,2.2,7.8,21,1.9,2.3,14,17.7,1.7,1.9,0.101
D.J. Augustin,ORL,1,PG,7250000,81,81,28,3.9,8.4,0.47,1.6,3.8,0.421,2.3,4.5,0.511,0.566,2.2,2.6,0.866,0.5,2,2.5,5.3,0.6,0,1.6,1.4,11.7,15.7,0.616,0.459,0.309,1.9,4.8,26.9,1.1,0.1,14.3,17.2,5,1.9,0.146
Avery Bradley,TOT,1,SG,4767000,63,63,30.2,3.9,9.7,0.408,1.4,3.9,0.351,2.6,5.8,0.446,0.479,0.7,0.8,0.86,0.7,2.1,2.8,2.4,0.7,0.3,1.4,2.7,9.9,7.6,0.496,0.403,0.082,2.5,4.9,11.8,1,0.7,12.4,16.2,-0.6,1,0.009
Reggie Bullock,TOT,1,SG,4000000,63,60,29.8,3.9,9.4,0.412,2.3,6.2,0.377,1.5,3.2,0.483,0.537,1.2,1.3,0.859,0.3,2.4,2.7,2,0.6,0.2,1,1.7,11.3,10.5,0.563,0.662,0.143,1.2,4.9,10.1,1,0.5,9.3,15.8,1.6,1.4,0.078
Tyler Johnson,TOT,1,PG,183115,57,22,26.8,3.8,9.2,0.413,1.6,4.6,0.346,2.2,4.7,0.477,0.498,1.7,2.2,0.748,0.6,2.4,3,2.9,0.9,0.5,1.4,1.7,10.9,12.4,0.532,0.494,0.241,2.4,6.1,15.9,1.7,1.6,11.7,18.5,0.9,1.4,0.071
Fred VanVleet,TOR,1,PG,9346153,64,28,27.5,3.8,9.4,0.41,1.8,4.6,0.378,2.1,4.8,0.441,0.503,1.5,1.8,0.843,0.3,2.3,2.6,4.8,0.9,0.3,1.3,1.7,11,13.7,0.539,0.493,0.192,1.3,5.1,23.9,1.6,0.9,11.2,17.9,2.4,1.9,0.117
Dario Šaric,TOT,1,PF,3481986,81,41,25,3.8,8.6,0.437,1.5,4,0.365,2.3,4.6,0.499,0.522,1.6,1.9,0.88,1.6,4.1,5.6,1.6,0.6,0.1,1.2,2.2,10.6,13.1,0.563,0.464,0.216,6.6,12.1,8.8,1.1,0.4,11.3,17.8,2.3,1.2,0.084
Dwight Powell,DAL,1,C,10259375,77,22,21.6,3.8,6.3,0.597,0.5,1.6,0.307,3.3,4.7,0.699,0.637,2.5,3.3,0.772,1.8,3.5,5.3,1.5,0.6,0.6,0.9,2.6,10.6,20.4,0.682,0.261,0.523,9.1,13.2,10.7,1.3,2.6,10.1,17.2,5.6,1.9,0.215
Ish Smith,DET,1,PG,6000000,56,0,22.3,3.7,8.7,0.419,0.8,2.4,0.326,2.9,6.3,0.455,0.464,0.8,1.1,0.758,0.4,2.2,2.6,3.6,0.5,0.2,1.1,1.9,8.9,11.8,0.485,0.276,0.127,1.9,6.3,25.4,1.1,0.7,10.6,19.9,0.5,1.1,0.064
Nemanja Bjelica,SAC,1,PF,6825000,77,70,23.2,3.7,7.7,0.479,1.3,3.3,0.401,2.4,4.4,0.539,0.566,0.9,1.2,0.761,1.6,4.1,5.8,1.9,0.7,0.7,1.1,2.6,9.6,15.4,0.585,0.433,0.155,7,12.8,11.1,1.4,2.7,11.5,16.5,2.7,1.9,0.122
Justin Holiday,TOT,1,SG,4767000,82,77,31.8,3.7,9.5,0.386,2,5.7,0.348,1.7,3.8,0.442,0.49,1.2,1.3,0.896,0.6,3.4,3.9,1.8,1.5,0.4,1.3,2,10.5,10,0.52,0.598,0.136,1.9,6.8,8.1,2.3,1.2,11.2,15.7,-0.4,2.5,0.038
Kevin Huerter,ATL,1,SG,2636280,75,59,27.3,3.7,8.8,0.419,1.8,4.7,0.385,1.9,4.1,0.457,0.522,0.5,0.7,0.732,0.8,2.5,3.3,2.9,0.9,0.3,1.5,2.1,9.7,10.1,0.533,0.537,0.085,3,6.3,14.5,1.5,1.1,13.8,15.7,0.7,0.7,0.034
Larry Nance Jr.,CLE,1,C,12727273,67,30,26.8,3.7,7.1,0.52,0.5,1.5,0.337,3.2,5.7,0.567,0.554,1.4,2,0.716,2.5,5.7,8.2,3.2,1.5,0.6,1.4,2.9,9.4,18.6,0.583,0.205,0.28,10,17.1,17.8,2.8,1.9,15.3,15.5,3.3,1.6,0.131
Marvin Williams,CHO,1,PF,604278,75,75,28.4,3.7,8.7,0.422,1.9,5.1,0.366,1.8,3.6,0.5,0.529,0.9,1.1,0.767,1,4.4,5.4,1.2,0.9,0.8,0.6,2.1,10.1,12.6,0.548,0.586,0.132,3.8,10.3,6.1,1.6,2.5,6.4,14.9,1.9,1.9,0.086
Danny Green,TOR,1,SG,14634146,80,80,27.7,3.7,7.9,0.465,2.5,5.4,0.455,1.2,2.4,0.487,0.622,0.5,0.6,0.841,0.8,3.2,4,1.6,0.9,0.7,0.9,2.1,10.3,13,0.632,0.69,0.07,3,7.7,7.7,1.6,2,10.4,14.1,3,2.9,0.128
Ivica Zubac,TOT,1,C,6481482,59,37,17.6,3.6,6.4,0.559,0,0,,3.6,6.4,0.559,0.559,1.7,2.1,0.802,1.9,4.2,6.1,1.1,0.2,0.9,1.2,2.3,8.9,18.9,0.604,0,0.332,11.9,18.2,9.1,0.6,4,13.9,20.3,1.9,1.3,0.148
Jahlil Okafor,NOP,1,C,1702486,59,24,15.8,3.6,6.1,0.586,0,0.1,0.2,3.6,6.1,0.591,0.587,1,1.5,0.663,1.4,3.3,4.7,0.7,0.3,0.7,0.9,1.6,8.2,17.9,0.603,0.014,0.246,9.2,15.4,6.3,0.7,3.5,11.5,19.9,1.4,0.8,0.115
Marco Belinelli,SAS,1,SG,5846154,79,1,23,3.6,8.7,0.413,1.9,5,0.372,1.7,3.7,0.468,0.52,1.4,1.6,0.903,0.2,2.3,2.5,1.7,0.4,0.1,0.9,1.5,10.5,11.9,0.557,0.572,0.18,1,5.9,10.1,0.9,0.4,8.8,19.8,1.4,1.1,0.065
Jalen Brunson,DAL,1,PG,1416852,73,38,21.8,3.6,7.7,0.467,0.9,2.5,0.348,2.8,5.3,0.523,0.523,1.2,1.6,0.725,0.3,2,2.3,3.2,0.5,0.1,1.2,1.7,9.3,12.8,0.549,0.32,0.212,1.7,5.7,22.6,1.1,0.2,12.5,19.1,1.5,1,0.077
Luke Kennard,DET,1,SG,3827160,63,10,22.8,3.6,8.3,0.438,1.7,4.3,0.394,1.9,4,0.486,0.54,0.8,1,0.836,0.2,2.7,2.9,1.8,0.4,0.2,0.9,1.5,9.7,11.9,0.56,0.517,0.117,0.9,7,12.3,0.9,0.6,9.4,18.1,1.3,1.3,0.085
JaMychal Green,TOT,1,PF,4767000,65,6,21.1,3.5,7.3,0.483,1.1,2.7,0.403,2.4,4.6,0.53,0.558,1.2,1.6,0.792,1.6,4.7,6.3,0.8,0.7,0.5,1.3,3,9.4,14.7,0.587,0.37,0.212,8.3,16.4,5.8,1.6,2.3,14.3,19.4,0.9,1.9,0.101
Markieff Morris,TOT,1,PF,1750000,58,16,21.9,3.5,8.3,0.421,1.2,3.5,0.335,2.3,4.8,0.484,0.492,1.2,1.6,0.772,1.1,3.5,4.6,1.4,0.6,0.4,0.9,3,9.4,11.7,0.521,0.419,0.19,5,11.1,8.8,1.3,1.5,9.3,19.1,0.6,1.1,0.061
Jonathan Isaac,ORL,1,PF,5806440,75,64,26.6,3.5,8.1,0.429,1.1,3.5,0.323,2.3,4.6,0.51,0.499,1.5,1.8,0.815,1.3,4.2,5.5,1.1,0.8,1.3,1,1.9,9.6,13,0.537,0.435,0.221,5.2,11,5.7,1.4,4.1,10.1,16.3,0.9,3.1,0.096
Rondae Hollis-Jefferson,BRK,1,SF,2500000,59,21,20.9,3.4,8.3,0.411,0.2,0.8,0.184,3.2,7.4,0.436,0.42,2,3.1,0.645,1.4,3.8,5.3,1.6,0.7,0.5,1.2,1.8,8.9,12.5,0.464,0.101,0.376,7.1,13.2,11.7,1.7,1.7,10.7,21.6,-0.5,1.7,0.047
DeMarre Carroll,BRK,1,PF,512721,67,8,25.4,3.4,8.6,0.395,1.6,4.6,0.342,1.8,4,0.457,0.487,2.7,3.6,0.76,1,4.2,5.2,1.3,0.5,0.1,1.1,1.7,11.1,12.1,0.546,0.539,0.421,4.2,10.8,7.2,0.9,0.5,9.7,18.6,1.5,1.6,0.088
Patty Mills,SAS,1,PG,12428571,82,1,23.3,3.4,8.1,0.425,1.9,4.9,0.394,1.5,3.2,0.475,0.545,1.1,1.3,0.854,0.3,1.9,2.2,3,0.6,0.1,1.1,1.6,9.9,13.2,0.572,0.609,0.155,1.4,5.2,17.6,1.3,0.4,11.6,18.5,2.2,1.2,0.087
DeAndre' Bembry,ATL,1,SG,2603982,82,15,23.5,3.4,7.5,0.446,0.6,2.1,0.289,2.7,5.4,0.508,0.487,1.1,1.7,0.64,0.7,3.7,4.4,2.5,1.3,0.5,1.7,2.3,8.4,10.8,0.508,0.281,0.221,2.9,9.7,14.7,2.5,1.8,17.4,17.2,-0.9,1.7,0.022
Bam Adebayo,MIA,1,C,3454080,82,28,23.3,3.4,5.9,0.576,0,0.2,0.2,3.4,5.7,0.588,0.579,2,2.8,0.735,2,5.3,7.3,2.2,0.9,0.8,1.5,2.5,8.9,17.9,0.623,0.031,0.465,9.2,16.6,14.2,1.8,3,17.1,15.8,3.4,3.4,0.171
Nicolas Batum,CHO,1,SF,25565217,75,72,31.4,3.4,7.5,0.45,1.5,4,0.389,1.8,3.5,0.519,0.553,1,1.2,0.865,0.9,4.3,5.2,3.3,0.9,0.6,1.6,1.9,9.3,11.9,0.581,0.53,0.158,3.2,8.9,14.5,1.5,1.6,16.3,13.2,2,1.7,0.076
Mario Hezonja,NYK,1,SF,1737145,58,24,20.8,3.3,8,0.412,0.7,2.6,0.276,2.6,5.4,0.478,0.457,1.5,2,0.763,0.5,3.6,4.1,1.5,1,0.1,1.5,1.9,8.8,10.8,0.497,0.328,0.246,2.4,10.4,11.5,2.3,0.6,14.6,21.3,-1.1,1.1,-0.003
Terry Rozier,BOS,1,PG,19894737,79,14,22.7,3.3,8.4,0.387,1.5,4.3,0.353,1.8,4.2,0.422,0.477,0.9,1.2,0.785,0.4,3.5,3.9,2.9,0.9,0.3,0.9,1.3,9,12.9,0.501,0.506,0.14,1.9,9.1,17.7,1.8,1,8.8,18.6,0.9,2.3,0.086
Kelly Olynyk,MIA,1,PF,12667886,79,36,22.9,3.3,7.1,0.463,1.4,4,0.354,1.9,3.1,0.604,0.563,1.9,2.3,0.822,0.9,3.8,4.7,1.8,0.7,0.5,1.4,2.3,10,14.4,0.61,0.566,0.328,4.2,11,11.4,1.4,1.8,15,18,2.3,2.5,0.126
Trey Lyles,DEN,1,PF,5500000,64,2,17.5,3.2,7.7,0.418,0.8,3.1,0.255,2.4,4.6,0.529,0.47,1.3,1.8,0.698,0.7,3.2,3.8,1.4,0.5,0.4,1.1,1.5,8.5,12.7,0.5,0.404,0.234,4.2,11.9,11.3,1.3,1.8,11.1,23.4,-0.2,1.4,0.05
Norman Powell,TOR,1,SG,10116576,60,3,18.8,3.2,6.7,0.483,1.1,2.8,0.4,2.1,3.8,0.543,0.568,1,1.3,0.827,0.3,2.1,2.3,1.5,0.7,0.2,1.1,1.6,8.6,13.3,0.596,0.425,0.188,1.6,6.7,11.6,1.7,1,13.1,19,1,1.4,0.102
Frank Jackson,NOP,1,PG,1618520,61,16,19.2,3.2,7.3,0.434,0.9,2.8,0.314,2.3,4.6,0.507,0.493,0.9,1.2,0.74,0.4,1.8,2.2,1.1,0.4,0,0.8,1.5,8.1,9.4,0.517,0.378,0.163,2.2,5.9,8,1,0.1,9.1,18.5,0.1,0.4,0.018
Rodions Kurucs,BRK,1,SF,1699236,63,46,20.5,3.2,7.1,0.45,0.9,2.9,0.315,2.3,4.2,0.543,0.514,1.1,1.5,0.783,0.9,3,3.9,0.8,0.7,0.4,1.2,2.3,8.5,11,0.545,0.41,0.205,4.6,10,6,1.5,1.5,13.6,18.4,0.1,1.5,0.059
Delon Wright,TOT,1,PG,9473684,75,13,22.7,3.2,7.4,0.434,0.7,2.2,0.298,2.6,5.2,0.492,0.478,1.6,2,0.793,0.9,2.6,3.5,3.3,1.2,0.4,1,1.4,8.7,15.5,0.523,0.301,0.269,4.4,8.6,21.6,2.5,1.6,11,18.1,1.9,2.4,0.121
Richaun Holmes,PHO,1,C,4767000,70,4,16.9,3.2,5.2,0.608,0,0,,3.2,5.2,0.608,0.608,1.8,2.5,0.731,1.6,3.1,4.7,0.9,0.6,1.1,0.7,2.8,8.2,20.7,0.647,0,0.479,10.6,15.5,7.9,1.7,5.6,10.5,17.9,3.1,1.1,0.173
Mason Plumlee,DEN,1,C,14041096,82,17,21.1,3.2,5.4,0.593,0,0.1,0.2,3.2,5.3,0.602,0.595,1.4,2.4,0.561,2,4.4,6.4,3,0.8,0.9,1.5,3.1,7.8,17.8,0.602,0.023,0.448,10.3,16.4,19.5,1.9,3.9,19.2,16.2,2.9,2.9,0.16
Tomáš Satoranský,WAS,1,PG,10000000,80,54,27.1,3.2,6.6,0.485,0.8,2,0.395,2.4,4.6,0.524,0.545,1.6,2,0.819,1,2.5,3.5,5,1,0.2,1.5,2.2,8.9,14.1,0.59,0.306,0.302,4,7,24.6,1.8,0.5,16.7,14.1,3.8,0.9,0.104
Maurice Harkless,POR,1,SF,11011236,60,53,23.6,3.2,6.5,0.487,0.6,2,0.275,2.6,4.5,0.582,0.53,0.8,1.2,0.671,1.3,3.2,4.5,1.2,1.1,0.9,0.8,2.7,7.7,13.2,0.547,0.309,0.188,5.9,10.1,7.1,2.3,3,9.7,13.9,1.5,1.9,0.114
Al-Farouq Aminu,POR,1,PF,9258000,81,81,28.3,3.2,7.3,0.433,1.2,3.5,0.343,2,3.9,0.514,0.514,1.9,2.1,0.867,1.4,6.1,7.5,1.3,0.8,0.4,0.9,1.8,9.4,13.2,0.568,0.472,0.292,5.3,14.2,6,1.4,1.2,9.7,13.7,3,2.8,0.121
Malik Monk,CHO,1,SG,4028400,73,0,17.2,3.1,8,0.387,1.5,4.5,0.33,1.6,3.5,0.461,0.48,1.2,1.4,0.882,0.2,1.7,1.9,1.6,0.5,0.3,1.2,1.5,8.9,11.8,0.518,0.563,0.174,1.3,5.9,14.3,1.4,1.3,12,24.6,-0.4,0.7,0.012
Austin Rivers,TOT,1,SG,2174318,76,15,26.7,3.1,7.5,0.406,1.4,4.3,0.318,1.7,3.2,0.522,0.497,0.7,1.3,0.526,0.3,1.8,2.1,2.2,0.6,0.3,0.9,2.7,8.1,7.7,0.503,0.572,0.166,1.3,4.4,11.5,1.1,1,10,14.5,0.4,0.8,0.028
Mitchell Robinson,NYK,1,C,1559712,66,19,20.6,3.1,4.4,0.694,0,0,,3.1,4.4,0.694,0.694,1.2,2,0.6,2.7,3.7,6.4,0.6,0.8,2.4,0.5,3.3,7.3,22,0.692,0,0.464,13.3,16.3,4.2,1.8,10,9.1,12.1,4,2.2,0.217
Shabazz Napier,BRK,1,PG,1845301,56,2,17.6,3,7.8,0.389,1.4,4.1,0.333,1.7,3.7,0.449,0.476,2.1,2.5,0.833,0.3,1.5,1.8,2.6,0.7,0.3,1.2,1.2,9.4,15.3,0.534,0.524,0.317,1.9,5.3,22.2,2,1.3,11.7,24,1,1,0.098
Harry Giles,SAC,1,PF,2578800,58,0,14.1,3,6,0.503,0,0.1,0,3,5.9,0.512,0.503,1,1.6,0.637,1.1,2.7,3.8,1.5,0.5,0.4,1.3,2.6,7,14.4,0.526,0.017,0.261,8.1,14,15.2,1.8,2.3,15.8,23.2,0,1,0.056
Alec Burks,TOT,1,SG,1620564,64,24,21.5,3,7.4,0.405,1,2.6,0.363,2,4.8,0.428,0.469,1.8,2.2,0.823,0.5,3.2,3.7,2,0.6,0.3,1,1.4,8.8,12.7,0.523,0.354,0.297,2.3,9.4,13.7,1.4,1.3,10.8,19,0.7,0.8,0.052
James Johnson,MIA,1,PF,15349400,55,33,21.2,3,6.9,0.433,0.9,2.7,0.336,2.1,4.2,0.496,0.499,0.9,1.3,0.714,0.4,2.8,3.2,2.5,0.6,0.5,1.3,2.1,7.8,10.9,0.522,0.393,0.185,2,8,17,1.5,2.1,15.3,17.8,0,1.5,0.062
Jake Layman,POR,1,SF,3581986,71,33,18.7,3,6,0.509,0.8,2.5,0.326,2.2,3.4,0.646,0.579,0.7,1,0.704,0.8,2.3,3.1,0.7,0.4,0.4,0.6,1.6,7.6,13.5,0.594,0.427,0.167,4.6,8.7,5.6,1.1,1.8,9.2,15.9,1.9,1.2,0.111
Miles Bridges,CHO,1,SF,3755400,80,25,21.2,3,6.4,0.464,0.8,2.5,0.325,2.2,3.9,0.553,0.527,0.7,1,0.753,0.8,3.2,4,1.2,0.7,0.6,0.6,1.4,7.5,13.1,0.548,0.391,0.151,4.2,10.3,8.1,1.6,2.5,8.4,15.1,1.4,1.5,0.083
Landry Shamet,TOT,1,SG,1995120,79,27,22.8,3,7.1,0.431,2.1,5,0.422,0.9,2,0.453,0.581,0.9,1.2,0.806,0.3,1.4,1.7,1.5,0.5,0.1,0.6,2,9.1,11,0.604,0.711,0.167,1.3,3.9,9,1,0.4,7,15,2.7,0.9,0.095
Noah Vonleh,NYK,1,PF,2000000,68,57,25.3,3,6.5,0.47,0.7,2,0.336,2.4,4.5,0.531,0.523,1.6,2.3,0.712,1.7,6.1,7.8,1.9,0.7,0.8,1.3,2.6,8.4,13.9,0.561,0.311,0.355,6.7,16,11.1,1.3,2.5,14.7,14.8,1.5,1.7,0.09
Marcus Smart,BOS,1,SG,12553471,80,60,27.5,3,7.1,0.422,1.6,4.3,0.364,1.4,2.8,0.511,0.533,1.3,1.6,0.806,0.7,2.2,2.9,4,1.8,0.4,1.5,2.5,8.9,13.1,0.568,0.61,0.228,2.8,5.7,19.1,3.1,1.1,16.5,14.6,2.2,3.1,0.116
Mikal Bridges,PHO,1,SF,4161000,82,56,29.5,3,6.9,0.43,1.3,3.8,0.335,1.7,3,0.548,0.523,1.2,1.4,0.805,0.7,2.5,3.2,2.1,1.6,0.5,0.9,2.5,8.3,10.8,0.556,0.556,0.21,2.5,6,9.8,2.5,1.3,10.2,12.2,1.7,1.2,0.058
Kyle Korver,TOT,1,SG-PF,1620564,70,0,19.1,2.9,6.9,0.416,2,5,0.397,0.9,1.9,0.467,0.559,0.9,1,0.822,0.1,2.2,2.3,1.2,0.4,0.2,0.8,1.5,8.6,11.2,0.582,0.72,0.151,0.7,6.6,8.9,0.9,0.7,10.3,18.5,1,1.3,0.082
Seth Curry,POR,1,SG,7461380,74,2,18.9,2.9,6.3,0.456,1.5,3.4,0.45,1.3,2.9,0.463,0.577,0.6,0.7,0.846,0.4,1.3,1.6,0.9,0.5,0.2,0.8,1.3,7.9,11.4,0.595,0.54,0.112,2.1,4.6,6.5,1.2,0.7,11.1,16.6,1.5,0.9,0.082
Langston Galloway,DET,1,SG,7333333,80,4,21.8,2.9,7.3,0.388,1.7,4.8,0.355,1.2,2.6,0.449,0.503,1,1.2,0.844,0.6,1.5,2.1,1.1,0.5,0.1,0.3,1.7,8.4,10.7,0.534,0.647,0.164,3,5.4,7.3,1,0.4,3.7,16.1,2.1,1.3,0.094
T.J. McConnell,PHI,1,PG,3500000,76,3,19.3,2.9,5.5,0.525,0.2,0.6,0.333,2.7,5,0.546,0.542,0.4,0.5,0.784,0.4,1.9,2.3,3.4,1,0.2,1.2,1.4,6.4,13.4,0.555,0.1,0.088,2.1,6.3,24.7,2.5,0.9,17.3,15,1.2,1.7,0.094
Boban Marjanovic,TOT,1,C,3500000,58,12,11.7,2.8,4.5,0.615,0.1,0.2,0.4,2.7,4.3,0.624,0.623,1.7,2.3,0.748,1.5,3.1,4.6,0.9,0.3,0.5,1,1.6,7.3,24.2,0.664,0.038,0.504,14,20.6,12.8,1.1,3.1,15.7,23.3,2.1,0.9,0.212
Quinn Cook,GSW,1,PG,3000000,74,10,14.3,2.8,5.9,0.465,1.1,2.7,0.405,1.7,3.2,0.515,0.557,0.3,0.4,0.769,0.3,1.8,2.1,1.6,0.3,0,0.7,1.2,6.9,13.1,0.565,0.456,0.059,2.3,7.9,15.2,0.9,0.2,10,20.2,1,0.8,0.082
Evan Turner,POR,1,PG,18606557,73,2,22,2.8,6.1,0.46,0.2,0.7,0.212,2.6,5.4,0.494,0.473,1,1.5,0.708,0.5,4,4.5,3.9,0.5,0.2,1.6,1.5,6.8,11.6,0.504,0.117,0.239,2.5,10.9,23.6,1,0.9,18.9,15.9,0.5,1.5,0.06
Rodney McGruder,MIA,1,SG,4807693,66,45,23.5,2.8,7,0.403,1.2,3.4,0.351,1.6,3.6,0.453,0.489,0.8,1.1,0.722,0.9,2.7,3.6,1.7,0.5,0.2,1,1.7,7.6,9.4,0.51,0.488,0.156,4.1,8.2,10.3,1.1,0.7,11.5,15.4,0.4,1.6,0.059
George Hill,TOT,1,PG,9133907,60,13,21.7,2.8,6.3,0.452,0.8,2.6,0.314,2,3.7,0.547,0.516,1.2,1.4,0.824,0.7,1.8,2.5,2.3,0.9,0.1,0.9,1.7,7.6,12.1,0.554,0.407,0.226,3.2,5.9,14,1.9,0.5,11,15.1,1.5,1.3,0.103
Dorian Finney-Smith,DAL,1,SF,4000000,81,26,24.5,2.8,6.5,0.432,1,3.1,0.311,1.8,3.4,0.544,0.507,0.9,1.3,0.709,1.7,3.1,4.8,1.2,0.9,0.4,0.9,2.3,7.5,11,0.53,0.481,0.195,7.5,10.5,6.9,1.7,1.5,11.4,14,1.2,2,0.079
Cory Joseph,IND,1,PG,12000000,82,9,25.2,2.8,6.7,0.412,0.7,2.1,0.322,2.1,4.6,0.454,0.463,0.4,0.5,0.698,0.5,2.9,3.4,3.9,1.1,0.3,1,1.6,6.5,11,0.474,0.312,0.078,2.1,7.5,20.7,2.2,0.9,12.4,13.7,0.5,2.9,0.081
Josh Hart,LAL,1,SG,1934160,67,22,25.6,2.8,6.9,0.407,1.4,4.1,0.336,1.4,2.8,0.511,0.506,0.8,1.2,0.688,0.5,3.2,3.7,1.4,1,0.6,0.9,2.2,7.8,9.3,0.526,0.591,0.172,2.2,7.5,7,1.7,1.9,10.4,13.5,0.2,1.9,0.059
Garrett Temple,TOT,1,SG,4767000,75,55,27.2,2.8,6.6,0.422,1.2,3.5,0.341,1.6,3.1,0.515,0.513,1.1,1.4,0.748,0.4,2.5,2.9,1.4,1,0.4,0.9,2.7,7.8,8.5,0.543,0.535,0.217,1.5,5.8,7.4,1.8,1.4,11.5,13.2,0.3,2,0.052
Draymond Green,GSW,1,PF,18539130,66,66,31.3,2.8,6.4,0.445,0.7,2.5,0.285,2.1,3.9,0.549,0.501,1,1.4,0.692,0.9,6.4,7.3,6.9,1.4,1.1,2.6,3,7.4,12.9,0.526,0.391,0.216,3.2,12.4,26.8,2.2,2.8,26.8,13.1,1.1,3.2,0.1
Doug McDermott,IND,1,SF,7333333,77,1,17.4,2.7,5.5,0.491,1.1,2.7,0.408,1.6,2.8,0.569,0.59,0.9,1,0.835,0.2,1.2,1.4,0.9,0.2,0.1,0.5,1.4,7.3,11.6,0.617,0.488,0.187,1.4,4.5,7.1,0.7,0.5,8.4,16.3,1.8,1.1,0.103
Derrick Jones Jr.,MIA,1,SF,1645357,60,14,19.2,2.7,5.4,0.494,0.5,1.5,0.308,2.2,3.9,0.567,0.537,1.2,2,0.607,1.6,2.4,4,0.6,0.8,0.7,0.7,2.1,7,14,0.559,0.281,0.377,8.8,11.1,4.7,1.9,3.3,10.2,15.6,1.2,1.7,0.121
OG Anunoby,TOR,1,SF,2281800,67,6,20.2,2.7,6,0.453,1,3,0.332,1.7,3,0.574,0.536,0.5,0.9,0.581,0.9,2.1,2.9,0.7,0.7,0.3,0.8,2.1,7,9.8,0.544,0.5,0.153,4.8,7.9,4.7,1.6,1.3,11.3,15.5,0.3,1.7,0.07
Justin Jackson,TOT,1,SF,3280920,81,14,19.9,2.7,6,0.447,1.1,3,0.355,1.6,3,0.542,0.537,0.8,1,0.785,0.5,2.1,2.6,1.2,0.4,0.2,0.4,1.2,7.2,11.3,0.561,0.505,0.163,2.8,6.9,8.1,0.9,0.7,5.3,14.3,2,0.9,0.086
Davis Bertans,SAS,1,PF,7000000,76,12,21.5,2.7,6,0.45,1.9,4.4,0.429,0.8,1.5,0.513,0.61,0.7,0.8,0.883,0.3,3.2,3.5,1.3,0.5,0.4,0.6,1.8,8,13,0.632,0.746,0.132,1.6,8.8,8.2,1,1.7,8.2,14.1,2.6,1.5,0.118
Tyus Jones,MIN,1,PG,9258000,68,23,22.9,2.7,6.6,0.415,0.6,1.9,0.317,2.1,4.7,0.453,0.46,0.9,1,0.841,0.3,1.6,2,4.8,1.2,0.1,0.7,1.1,6.9,13.7,0.491,0.283,0.155,1.6,4.6,28.3,2.5,0.3,9,14.1,2.1,0.9,0.091
Darius Miller,NOP,1,SF,7250000,69,15,25.5,2.7,7,0.39,1.9,5.3,0.365,0.8,1.7,0.467,0.528,0.8,1,0.789,0.2,1.7,1.9,2.1,0.6,0.3,0.9,2.4,8.2,8.4,0.55,0.752,0.147,0.8,3.8,10.4,1.1,1.1,10.3,13.4,1.1,0.6,0.045
Pat Connaughton,MIL,1,SG,1723050,61,2,20.7,2.7,5.7,0.466,1.1,3.3,0.33,1.6,2.5,0.647,0.56,0.5,0.7,0.725,1,3.2,4.2,2,0.5,0.4,0.5,1.3,6.9,13.6,0.573,0.571,0.114,5.2,10.4,12.6,1.2,1.7,8.2,13.3,2,1.9,0.149
Kevon Looney,GSW,1,C,4464286,80,24,18.5,2.7,4.3,0.625,0,0.1,0.1,2.7,4.2,0.641,0.627,0.8,1.3,0.619,2.4,2.8,5.2,1.5,0.6,0.7,0.6,2.6,6.3,17.3,0.636,0.029,0.303,14.6,15,10.9,1.5,3,11.5,12.8,4.2,1.8,0.194
Willy Hernangómez,CHO,1,C,1676735,58,3,14,2.6,5.1,0.519,0.3,0.7,0.385,2.4,4.4,0.539,0.544,1.7,2.5,0.694,2,3.3,5.4,1,0.3,0.3,1,1.7,7.3,20.4,0.587,0.132,0.488,15.3,20.7,11.5,1,2.1,13.9,22.1,1.8,0.8,0.153
Stanley Johnson,TOT,1,SF,3623000,66,7,18.3,2.6,6.7,0.389,0.9,3.3,0.288,1.7,3.4,0.484,0.459,0.8,1,0.781,0.5,2.8,3.3,1.3,0.9,0.2,1.2,1.7,6.9,9.6,0.485,0.489,0.145,3,9.7,10.6,2.4,1,14.7,19.4,-1.1,1.6,0.021
Vince Carter,ATL,1,PF,1620564,76,9,17.5,2.6,6.2,0.419,1.6,4.2,0.389,1,2,0.48,0.55,0.6,0.9,0.712,0.4,2.1,2.6,1.1,0.6,0.4,0.6,1.9,7.4,11.8,0.565,0.675,0.141,2.4,7.7,9.3,1.5,1.8,8.8,16.7,1.2,0.7,0.07
Cheick Diallo,NOP,1,PF,1678854,64,1,14,2.6,4.2,0.62,0,0.1,0.25,2.6,4.2,0.625,0.622,0.8,1,0.746,1.2,4,5.2,0.5,0.5,0.5,0.8,1.8,6,17.5,0.644,0.015,0.247,8.8,19.2,5.1,1.5,3,14,16,1.4,1.2,0.14
Josh Okogie,MIN,1,SG,2530680,74,52,23.7,2.6,6.9,0.386,0.8,2.9,0.279,1.8,4,0.464,0.445,1.6,2.2,0.728,0.6,2.4,2.9,1.2,1.2,0.4,0.9,2.2,7.7,9.4,0.492,0.423,0.319,2.5,6.6,6.9,2.4,1.6,9.8,15.4,-0.1,1.4,0.034
Gorgui Dieng,MIN,1,C,16229213,76,2,13.6,2.5,5,0.501,0.3,0.7,0.339,2.2,4.2,0.53,0.527,1.2,1.4,0.83,1.1,3,4.1,0.9,0.6,0.5,0.8,1.8,6.4,18.1,0.572,0.149,0.281,8.3,16.1,10.3,2.2,3.4,11.9,19.6,1.5,1.3,0.132
Zach Collins,POR,1,C,4240200,77,0,17.6,2.5,5.2,0.473,0.5,1.6,0.331,1.9,3.6,0.534,0.523,1.2,1.6,0.746,1.4,2.8,4.2,0.9,0.3,0.9,1,2.3,6.6,13.5,0.562,0.303,0.315,8.8,12.7,7.1,0.9,3.9,14.5,16.6,1.4,1.5,0.104
Shaquille Harrison,CHI,1,SG,898310,73,11,19.6,2.5,5.8,0.432,0.3,1.2,0.27,2.2,4.6,0.475,0.46,1.1,1.7,0.667,0.5,2.6,3,1.9,1.2,0.4,0.8,1.7,6.5,12.4,0.494,0.209,0.289,2.5,8.4,14.1,3,1.8,11.1,16.5,-0.1,1.6,0.048
Ersan Ilyasova ,MIL,1,PF,7000000,67,7,18.4,2.5,5.7,0.438,0.9,2.4,0.363,1.6,3.3,0.493,0.514,0.9,1.1,0.824,1.4,3.1,4.5,0.8,0.5,0.3,0.7,2.6,6.8,11.6,0.548,0.42,0.194,8.2,12.5,5.5,1.2,1.4,10.4,15.7,1.2,1.9,0.119
Michael Kidd-Gilchrist,CHO,1,PF,604278,64,3,18.4,2.5,5.2,0.476,0.3,0.7,0.34,2.2,4.5,0.498,0.5,1.5,1.9,0.772,1.4,2.5,3.8,1,0.5,0.6,0.7,2.4,6.7,13.3,0.553,0.142,0.37,7.9,11.3,7.4,1.3,2.9,10,15.7,1.5,1,0.1
Sterling Brown,MIL,1,SG,1618520,58,7,17.8,2.5,5.4,0.465,0.9,2.5,0.361,1.6,2.8,0.558,0.55,0.5,0.7,0.69,0.5,2.7,3.2,1.4,0.4,0.1,0.8,1.5,6.4,10.9,0.563,0.471,0.135,3,9,10.7,1.1,0.7,12.2,15.2,0.7,1.4,0.098
Maxi Kleber,DAL,1,PF,8000000,71,18,21.2,2.5,5.4,0.453,1.1,3.1,0.353,1.4,2.4,0.583,0.553,0.8,1,0.784,1.3,3.4,4.6,1,0.5,1.1,0.8,2,6.8,13.1,0.579,0.565,0.192,6.5,11.7,6.8,1.2,4.4,11.4,13.5,1.6,1.8,0.111
Patrick Beverley,LAC,1,PG,12345680,78,49,27.4,2.5,6.1,0.407,1.4,3.6,0.397,1.1,2.5,0.421,0.524,1.2,1.6,0.78,1,4,5,3.8,0.9,0.6,1.1,3.4,7.6,11.8,0.561,0.591,0.258,3.9,9.6,18.4,1.5,1.6,13.8,12.2,2.8,2,0.108
Terrance Ferguson,OKC,1,SG,2475840,74,74,26.1,2.5,5.8,0.429,1.4,3.9,0.366,1.1,1.9,0.56,0.552,0.5,0.7,0.725,0.4,1.5,1.9,1,0.5,0.2,0.6,3.1,6.9,6.4,0.566,0.673,0.118,1.7,3.8,4.8,1,0.7,9.4,10.6,1.2,1.6,0.07
P.J. Tucker,HOU,1,PF,8349039,82,82,34.2,2.5,6.4,0.396,1.8,4.7,0.377,0.7,1.7,0.449,0.535,0.5,0.7,0.695,1.5,4.4,5.8,1.2,1.6,0.5,0.8,3.1,7.3,9.2,0.547,0.74,0.113,4.7,9.5,4.6,2.3,1.2,10.3,9.5,2,3,0.086
Jakob Poeltl,SAS,1,C,3754886,77,24,16.5,2.4,3.8,0.645,0,0,,2.4,3.8,0.645,0.645,0.6,1.2,0.533,2.3,3,5.3,1.2,0.4,0.9,0.6,1.6,5.5,19.4,0.64,0,0.317,15.4,17.6,10,1.1,4.5,12.7,13.1,3.5,1.6,0.193
James Ennis,TOT,1,SF,1882867,58,27,21.2,2.4,5.1,0.469,0.9,2.7,0.353,1.4,2.4,0.601,0.563,1,1.4,0.716,1,2.1,3.1,0.7,0.7,0.4,0.6,2.6,6.7,11,0.59,0.531,0.276,5.3,8.1,4.7,1.6,1.6,9.3,12.7,1.6,1,0.103
Mike Muscala,TOT,1,PF,2028594,64,10,20.4,2.3,5.6,0.402,1.4,4,0.348,0.9,1.6,0.533,0.525,1.1,1.3,0.824,0.9,2.9,3.8,1.2,0.3,0.6,0.8,2,7,10.8,0.564,0.709,0.235,4.7,9.8,7.7,0.8,2.3,10.8,14.3,1.2,1.2,0.091
Ed Davis,BRK,1,C,4767000,81,1,17.9,2.3,3.7,0.616,0,0,0,2.3,3.7,0.62,0.616,1.2,2,0.617,2.7,5.9,8.6,0.8,0.4,0.4,0.8,2.8,5.8,17.3,0.632,0.007,0.536,15.8,25.2,6,1.2,1.8,14.6,12.7,3.3,2.5,0.191
Ryan Arcidiacono,CHI,1,PG,3000000,81,32,24.2,2.3,5.2,0.447,1,2.7,0.373,1.3,2.5,0.527,0.544,1.1,1.3,0.873,0.3,2.4,2.7,3.3,0.8,0,0.8,2.1,6.7,11.6,0.588,0.519,0.244,1.5,6.1,18.9,1.6,0.2,12,11.7,2.8,0.9,0.09
Yogi Ferrell,SAC,1,PG,3150000,71,3,15,2.2,5,0.435,0.8,2.1,0.362,1.4,2.9,0.488,0.511,0.8,0.9,0.896,0.2,1.4,1.5,1.9,0.5,0.1,0.6,0.9,5.9,12.7,0.55,0.423,0.19,1.2,5.3,17,1.6,0.3,9.5,16.3,1.3,0.6,0.087
Daniel Theis,BOS,1,C,5000000,66,2,13.8,2.2,4,0.549,0.4,1,0.388,1.8,3,0.603,0.598,0.8,1.2,0.737,1.3,2.1,3.4,1,0.3,0.6,0.5,2.4,5.7,17,0.624,0.252,0.286,10.2,13.2,10.5,1.1,4.1,9.9,15.8,2.3,1.3,0.188
Meyers Leonard,POR,1,C,11286517,61,2,14.4,2.2,4,0.545,0.8,1.8,0.45,1.3,2.1,0.626,0.649,0.7,0.8,0.843,0.8,3,3.8,1.2,0.2,0.1,0.7,1.7,5.9,15.8,0.675,0.459,0.211,6.1,14.2,11.8,0.7,0.8,14,14.8,2.1,0.9,0.164
Tony Snell,MIL,1,SF,11392857,74,12,17.6,2.2,4.9,0.452,1.1,2.8,0.397,1.1,2.1,0.522,0.564,0.5,0.6,0.881,0.4,1.7,2.1,0.9,0.4,0.2,0.3,1.2,6,10.7,0.585,0.565,0.116,2.4,6.1,6.7,0.9,1.2,5.7,12.9,1.6,1.6,0.117
Andre Iguodala,GSW,1,SF,17185185,68,13,23.2,2.2,4.4,0.5,0.7,2.1,0.333,1.5,2.3,0.652,0.579,0.6,1,0.582,0.7,3,3.7,3.2,0.9,0.8,0.8,1.4,5.7,13.1,0.587,0.477,0.222,3.4,8.5,16.8,1.8,2.7,13.6,10.4,2.4,1.8,0.129
Mike Scott,TOT,1,PF,4767000,79,3,17.7,2.1,5.3,0.4,1.3,3.2,0.401,0.8,2.1,0.399,0.52,0.3,0.4,0.667,0.5,2.9,3.5,0.8,0.3,0.2,0.6,2,5.8,8.6,0.528,0.6,0.079,3.4,10.5,6.4,0.9,0.7,9.2,14.4,0.4,1.2,0.053
Nerlens Noel,OKC,1,C,1620564,77,2,13.7,2.1,3.6,0.587,0,0,,2.1,3.6,0.587,0.587,0.7,1,0.684,1.6,2.6,4.2,0.6,0.9,1.2,0.6,2.2,4.9,19.3,0.608,0,0.286,12.1,15.9,5.9,2.9,7.7,13.4,13.8,1.9,2.5,0.198
Torrey Craig,DEN,1,SF,2000000,75,37,20,2.1,4.8,0.442,0.8,2.5,0.324,1.3,2.3,0.569,0.526,0.7,0.9,0.7,1.2,2.3,3.5,1,0.5,0.6,0.6,2.3,5.7,10.4,0.547,0.519,0.193,6.4,9.5,6.3,1.2,2.7,10.1,12.4,1.4,1.7,0.096
Juan Hernangomez,DEN,1,PF,3321030,70,25,19.4,2,4.5,0.439,0.9,2.6,0.365,1,1.9,0.541,0.545,0.9,1.2,0.767,0.9,2.9,3.8,0.8,0.4,0.3,0.5,1.3,5.8,11,0.58,0.576,0.274,5.1,10.6,5.3,1,1.6,9.5,12.2,1.6,1.4,0.105
Royce O'Neale,UTA,1,SF,1618520,82,16,20.4,2,4.2,0.475,0.8,2.1,0.386,1.2,2,0.569,0.574,0.4,0.5,0.762,0.3,3.2,3.5,1.5,0.7,0.3,0.9,2.1,5.2,9,0.589,0.513,0.122,1.5,9.2,10,1.5,1.1,16.2,11,0.7,2.5,0.094
Alfonzo McKinnie,GSW,1,SF,1500000,72,5,13.9,1.9,3.8,0.487,0.6,1.6,0.356,1.3,2.2,0.586,0.564,0.4,0.7,0.563,1.1,2.3,3.4,0.4,0.3,0.2,0.4,1.9,4.7,11.2,0.569,0.429,0.175,9,13.1,4,0.9,1.3,9.2,13.9,1.2,0.9,0.1
T.J. Leaf,IND,1,PF,2813280,58,1,9,1.7,3.2,0.541,0.1,0.5,0.258,1.6,2.6,0.599,0.563,0.3,0.5,0.613,0.7,1.4,2.2,0.4,0.2,0.3,0.2,0.6,3.9,16.9,0.572,0.169,0.169,9.3,13.3,6.9,0.8,3.2,5.8,17.5,0.9,0.7,0.148
Thon Maker,TOT,1,C-PF,3569643,64,5,15.2,1.7,4.2,0.407,0.8,2.4,0.32,0.9,1.8,0.522,0.498,0.9,1.3,0.667,0.6,2.5,3.2,0.7,0.3,0.8,0.5,1.6,5,11.3,0.53,0.571,0.313,4.5,11,6.3,1,4.4,9.8,14.8,0.5,1.5,0.099
Wesley Iwundu,ORL,1,SF,1618520,68,13,18.1,1.7,4,0.412,0.4,1.2,0.367,1.2,2.9,0.431,0.465,1.2,1.5,0.816,0.5,2.2,2.7,1.1,0.4,0.3,0.6,1.8,5,8.7,0.531,0.288,0.376,3.2,8,7.9,1.1,1.5,12.1,12.8,0.5,1.4,0.073
Bruce Brown,DET,1,SG,1416852,74,56,19.6,1.7,4.2,0.398,0.3,1.3,0.258,1.4,3,0.457,0.436,0.6,0.8,0.75,0.6,1.9,2.5,1.2,0.5,0.5,0.6,2.4,4.3,6.9,0.469,0.296,0.191,3.5,7,8.8,1.4,2.1,11.9,11.5,-0.1,1.6,0.048
Jared Dudley,BRK,1,PF,1620564,59,25,20.7,1.7,4.1,0.423,0.9,2.6,0.351,0.8,1.5,0.545,0.533,0.5,0.8,0.696,0.6,2.1,2.6,1.4,0.6,0.3,0.7,2.2,4.9,7.8,0.554,0.632,0.192,2.9,6.7,9.2,1.4,1,14.2,10.4,0.6,1.2,0.07
Cristiano Felício,CHI,1,C,8156500,60,0,12.4,1.6,3,0.531,0,0.1,0,1.6,2.9,0.543,0.531,0.8,1.2,0.685,1.3,2.3,3.6,0.6,0.2,0.1,0.6,1.2,4,13.4,0.568,0.022,0.408,11.4,15.9,7.2,0.7,0.8,13.5,14.3,0.9,0.4,0.088
Bismack Biyombo,CHO,1,C,17000000,54,32,14.5,1.6,2.9,0.571,0,0,,1.6,2.9,0.571,0.571,1.1,1.7,0.637,1.5,3.1,4.6,0.6,0.2,0.8,0.6,1.9,4.4,14.4,0.602,0,0.583,11,17,5.9,0.7,4.6,14.8,12.7,1.2,0.8,0.125
Georges Niang,UTA,1,PF,1678854,59,0,8.7,1.5,3.1,0.475,0.7,1.8,0.41,0.7,1.3,0.566,0.594,0.3,0.4,0.833,0.2,1.3,1.5,0.6,0.2,0.1,0.4,1,4,13,0.613,0.58,0.133,2.4,9.1,10.1,0.9,0.9,10.7,17.8,0.7,0.7,0.123
Abdel Nader,OKC,1,SF,1618520,61,1,11.4,1.5,3.5,0.423,0.5,1.6,0.32,1,1.9,0.513,0.498,0.4,0.6,0.75,0.2,1.7,1.9,0.3,0.3,0.2,0.4,1.1,4,8.8,0.522,0.465,0.167,2,8.6,3.8,1.3,1.5,10.1,15.1,0,0.9,0.062
Jordan Bell,GSW,1,C,250000,68,3,11.6,1.5,2.8,0.516,0,0,0,1.5,2.8,0.521,0.516,0.4,0.6,0.61,0.8,1.9,2.7,1.1,0.3,0.8,0.6,1.2,3.3,12.9,0.531,0.01,0.214,7.8,12.5,12.3,1.2,5.4,16.7,13.7,0.5,1.1,0.096
Anthony Tolliver,MIN,1,PF,183115,65,0,16.6,1.5,4,0.382,1.2,3.3,0.377,0.3,0.7,0.409,0.539,0.7,0.9,0.783,0.2,2.5,2.7,0.7,0.3,0.3,0.6,1.4,5,8.6,0.571,0.83,0.232,1.5,8.8,5.5,0.8,1.7,11.2,12.5,0.6,0.5,0.052
Patrick Patterson,OKC,1,PF,1620564,63,5,13.7,1.3,3.5,0.374,0.7,2.2,0.336,0.6,1.3,0.439,0.479,0.3,0.5,0.633,0.7,1.7,2.3,0.5,0.3,0.2,0.3,0.7,3.6,8.1,0.493,0.626,0.137,4.9,8.8,4.6,0.9,1.3,8.7,12,0.2,0.9,0.064
Semi Ojeleye,BOS,1,PF,1618520,56,3,10.6,1.2,2.8,0.424,0.5,1.6,0.315,0.7,1.2,0.565,0.513,0.4,0.7,0.615,0.4,1.1,1.5,0.4,0.2,0.1,0.3,0.8,3.3,8.5,0.531,0.563,0.247,4.3,7.7,5.1,0.8,0.6,9.8,14.1,0.2,0.5,0.057
Tyson Chandler,TOT,1,C,1620564,55,6,15.9,1.1,1.8,0.616,0,0,0,1.1,1.8,0.622,0.616,0.9,1.6,0.586,1.7,3.9,5.6,0.7,0.4,0.4,0.8,2,3.1,11.2,0.63,0.01,0.879,11.1,18.3,5.3,1.1,2.2,23.4,8.5,0.9,1.2,0.114
